<?xml version="1.0" encoding="UTF-8" standalone="yes"?>
<addon id="script.spotify.simplelauncher" name="Spotify Launcher" version="1.0.0" provider-name="mst">
    <requires>
        <import addon="xbmc.python" version="2.1.0"/>
    </requires>
    <extension point="xbmc.python.script" library="default.py">
        <provides>audio</provides>
    </extension>
    <extension point="xbmc.addon.metadata">
        <summary lang="en">Just launches Spotify desktop application within Kodi.</summary>
        <description lang="en">Just launches Spotify desktop application within Kodi - no more.[CR][CR]Spotify is the registered trade mark of the Spotify Group.</description>
        <platform>linux windx osx</platform>
        <language>en</language>
        <license>MIT License</license>
        <forum></forum>
        <website></website>
        <source>https://github.com/mstochmialek/kodi-spotify-launcher</source>
        <email>michal.stochmialek@gmail.com</email>
    </extension>
</addon>
